1,夢
2,パンダ
3,ストロー
4,ビニール袋
5,庭
6,ゴミ箱
7,財布
8,マサカリ
9,ヘッドホン
10,肉体
11,電源
12,カーテン
13,血
14,地面
15,付箋
16,背表紙
17,湖
18,アイマスク
19,漢字
20,夏
21,Rails
22,ルビー
23,三角測量
24,三点倒立
25,校門
26,松
27,大陸
28,新人
29,ビール
30,プログラミング
31,こころ
32,ずる
33,独学
34,マッシュルーム
35,技術
36,フレームワーク
37,昔話
38,空
39,春
40,冠水
41,韻
42,曼荼羅
43,抹茶
44,犬系
45,産婦人科
46,犬鷲
47,孔子
48,講師
49,大三元
50,屋敷
51,勘違い
52,城門
53,異国
54,四季
55,春日部
56,料理人
57,毎朝
58,師弟
59,自覚
60,バグ
61,文明
62,惑星
63,乱世
64,低下
65,仮想通貨
66,団体
67,寄生虫
68,嫉妬
69,夜毎
70,ダンス
71,Slack
72,Zoom
73,国
74,姉
75,肺
76,エンジニア
77,平成
78,人間観
79,無限
80,観劇
81,ロスタイム
82,四海
83,絶対音感
84,腕試し
85,有力者
86,吸収
87,貢献
88,Youtube
89,転職
90,かさぶた
91,動画
92,ヒマ
93,ぐちょぐちょ
94,いいね
95,パリ
96,中性脂肪
97,復活
98,不死鳥
99,登場人物
100,対義語